orthoid,ENSEMBL ID,Gene,Species,is_up
bos_taurus_ortho16764_homo_sapiens_ortho10699,ENSG00000135899,SP110,homo_sapiens,True
bos_taurus_ortho16764_homo_sapiens_ortho10699,ENSG00000280755,AC009950.1,homo_sapiens,False
equus_caballus_ortho20478_homo_sapiens_ortho6095_bos_taurus_ortho16966,ENSG00000086061,DNAJA1,homo_sapiens,True
equus_caballus_ortho20555_homo_sapiens_ortho8202_pteropus_vampyrus_ortho22290,ENSG00000119922,IFIT2,homo_sapiens,True
equus_caballus_ortho20673_homo_sapiens_ortho13287,ENSG00000197019,SERTAD1,homo_sapiens,True
gallus_gallus_ortho24172_homo_sapiens_ortho8410,ENSG00000134470,IL15RA,homo_sapiens,True
homo_sapiens_ortho10066,ENSG00000172936,MYD88,homo_sapiens,True
homo_sapiens_ortho10091,ENSG00000125952,MAX,homo_sapiens,True
homo_sapiens_ortho10112_myotis_lucifugus_ortho23003,ENSG00000102921,N4BP1,homo_sapiens,True
homo_sapiens_ortho10157_sus_scrofa_ortho19535,ENSG00000136051,KIAA1033,homo_sapiens,True
homo_sapiens_ortho10193,ENSG00000164430,MB21D1,homo_sapiens,True
homo_sapiens_ortho10239,ENSG00000083799,CYLD,homo_sapiens,True
homo_sapiens_ortho10330,ENSG00000112343,TRIM38,homo_sapiens,True
homo_sapiens_ortho10334,ENSG00000010030,ETV7,homo_sapiens,True
homo_sapiens_ortho1036,ENSG00000135114,OASL,homo_sapiens,True
homo_sapiens_ortho10370,ENSG00000130589,HELZ2,homo_sapiens,True
homo_sapiens_ortho10436,ENSG00000240065,PSMB9,homo_sapiens,True
homo_sapiens_ortho10449,ENSG00000134326,CMPK2,homo_sapiens,True
homo_sapiens_ortho10493,ENSG00000143952,VPS54,homo_sapiens,True
homo_sapiens_ortho10495,ENSG00000103966,EHD4,homo_sapiens,True
homo_sapiens_ortho10513,ENSG00000106346,USP42,homo_sapiens,True
homo_sapiens_ortho10567,ENSG00000100567,PSMA3,homo_sapiens,True
homo_sapiens_ortho1059,ENSG00000005810,MYCBP2,homo_sapiens,True
homo_sapiens_ortho10598,ENSG00000026103,FAS,homo_sapiens,True
homo_sapiens_ortho10622,ENSG00000107201,DDX58,homo_sapiens,True
homo_sapiens_ortho10630,ENSG00000130303,BST2,homo_sapiens,True
homo_sapiens_ortho1072,ENSG00000161091,MFSD12,homo_sapiens,True
homo_sapiens_ortho10743,ENSG00000133313,CNDP2,homo_sapiens,True
homo_sapiens_ortho10751,ENSG00000100292,HMOX1,homo_sapiens,True
homo_sapiens_ortho10899,ENSG00000115415,STAT1,homo_sapiens,True
homo_sapiens_ortho10925,ENSG00000137145,DENND4C,homo_sapiens,True
homo_sapiens_ortho10940,ENSG00000086065,CHMP5,homo_sapiens,True
homo_sapiens_ortho10946,ENSG00000116514,RNF19B,homo_sapiens,True
homo_sapiens_ortho10958,ENSG00000168404,MLKL,homo_sapiens,True
homo_sapiens_ortho11041,ENSG00000188290,HES4,homo_sapiens,True
homo_sapiens_ortho11123,ENSG00000143390,RFX5,homo_sapiens,True
homo_sapiens_ortho11265,ENSG00000198604,BAZ1A,homo_sapiens,True
homo_sapiens_ortho11297,ENSG00000138496,PARP9,homo_sapiens,True
homo_sapiens_ortho11410,ENSG00000197102,DYNC1H1,homo_sapiens,True
homo_sapiens_ortho11417,ENSG00000092098,RNF31,homo_sapiens,True
homo_sapiens_ortho11417,ENSG00000259529,RP11-468E2.4,homo_sapiens,False
homo_sapiens_ortho11478,ENSG00000140750,ARHGAP17,homo_sapiens,True
homo_sapiens_ortho11483,ENSG00000112576,CCND3,homo_sapiens,True
homo_sapiens_ortho11495,ENSG00000005893,LAMP2,homo_sapiens,False
homo_sapiens_ortho11551,ENSG00000081189,MEF2C,homo_sapiens,True
homo_sapiens_ortho1156,ENSG00000163840,DTX3L,homo_sapiens,True
homo_sapiens_ortho11589,ENSG00000137965,IFI44,homo_sapiens,True
homo_sapiens_ortho11596,ENSG00000166128,RAB8B,homo_sapiens,True
homo_sapiens_ortho11601,ENSG00000196187,TMEM63A,homo_sapiens,True
homo_sapiens_ortho11640,ENSG00000133106,EPSTI1,homo_sapiens,True
homo_sapiens_ortho11714,ENSG00000155313,USP25,homo_sapiens,True
homo_sapiens_ortho11732,ENSG00000110446,SLC15A3,homo_sapiens,True
homo_sapiens_ortho1177,ENSG00000108691,CCL2,homo_sapiens,True
homo_sapiens_ortho11820,ENSG00000188157,AGRN,homo_sapiens,True
homo_sapiens_ortho11871,ENSG00000141582,CBX4,homo_sapiens,True
homo_sapiens_ortho11897_sus_scrofa_ortho19578,ENSG00000135828,RNASEL,homo_sapiens,False
homo_sapiens_ortho11914,ENSG00000164054,SHISA5,homo_sapiens,True
homo_sapiens_ortho11940,ENSG00000138166,DUSP5,homo_sapiens,True
homo_sapiens_ortho1196,ENSG00000124226,RNF114,homo_sapiens,True
homo_sapiens_ortho11983,ENSG00000168062,BATF2,homo_sapiens,True
homo_sapiens_ortho12012,ENSG00000160932,LY6E,homo_sapiens,True
homo_sapiens_ortho12018,ENSG00000120217,CD274,homo_sapiens,True
homo_sapiens_ortho12083,ENSG00000204209,DAXX,homo_sapiens,False
homo_sapiens_ortho12201,ENSG00000135655,USP15,homo_sapiens,True
homo_sapiens_ortho12306,ENSG00000165806,CASP7,homo_sapiens,True
homo_sapiens_ortho12307,ENSG00000184988,TMEM106A,homo_sapiens,True
homo_sapiens_ortho12401,ENSG00000138646,HERC5,homo_sapiens,True
homo_sapiens_ortho12402,ENSG00000064012,CASP8,homo_sapiens,True
homo_sapiens_ortho12409,ENSG00000028137,TNFRSF1B,homo_sapiens,True
homo_sapiens_ortho12410,ENSG00000087157,PGS1,homo_sapiens,True
homo_sapiens_ortho1252,ENSG00000197142,ACSL5,homo_sapiens,True
homo_sapiens_ortho12547,ENSG00000140464,PML,homo_sapiens,True
homo_sapiens_ortho12552,ENSG00000136514,RTP4,homo_sapiens,True
homo_sapiens_ortho12552,ENSG00000188011,RTP5,homo_sapiens,False
homo_sapiens_ortho12557,ENSG00000141664,ZCCHC2,homo_sapiens,True
homo_sapiens_ortho1258,ENSG00000198879,SFMBT2,homo_sapiens,True
homo_sapiens_ortho12592,ENSG00000003400,CASP10,homo_sapiens,True
homo_sapiens_ortho12618,ENSG00000110057,UNC93B1,homo_sapiens,True
homo_sapiens_ortho12653_bos_taurus_ortho16997,ENSG00000101966,XIAP,homo_sapiens,True
homo_sapiens_ortho12653_bos_taurus_ortho16997,ENSG00000163098,BIRC8,homo_sapiens,False
homo_sapiens_ortho12672,ENSG00000139178,C1RL,homo_sapiens,True
homo_sapiens_ortho12703,ENSG00000041357,PSMA4,homo_sapiens,True
homo_sapiens_ortho12740,ENSG00000172183,ISG20,homo_sapiens,True
homo_sapiens_ortho12756,ENSG00000196776,CD47,homo_sapiens,True
homo_sapiens_ortho12758,ENSG00000136048,DRAM1,homo_sapiens,True
homo_sapiens_ortho12851,ENSG00000126709,IFI6,homo_sapiens,True
homo_sapiens_ortho12857,ENSG00000139083,ETV6,homo_sapiens,True
homo_sapiens_ortho12859,ENSG00000129048,ACKR4,homo_sapiens,True
homo_sapiens_ortho13026,ENSG00000177606,JUN,homo_sapiens,True
homo_sapiens_ortho13116,ENSG00000130813,C19orf66,homo_sapiens,True
homo_sapiens_ortho13133,ENSG00000059378,PARP12,homo_sapiens,True
homo_sapiens_ortho13159,ENSG00000137200,CMTR1,homo_sapiens,True
homo_sapiens_ortho13170,ENSG00000205413,SAMD9,homo_sapiens,True
homo_sapiens_ortho13188,ENSG00000213928,IRF9,homo_sapiens,True
homo_sapiens_ortho13225,ENSG00000138642,HERC6,homo_sapiens,True
homo_sapiens_ortho13298_myotis_lucifugus_ortho23885,ENSG00000213463,SYNJ2BP,homo_sapiens,True
homo_sapiens_ortho13298_myotis_lucifugus_ortho23885,ENSG00000258644,SYNJ2BP-COX16,homo_sapiens,False
homo_sapiens_ortho13302,ENSG00000136147,PHF11,homo_sapiens,True
homo_sapiens_ortho13371,ENSG00000234127,TRIM26,homo_sapiens,True
homo_sapiens_ortho13462,ENSG00000092010,PSME1,homo_sapiens,True
homo_sapiens_ortho13478,ENSG00000135363,LMO2,homo_sapiens,True
homo_sapiens_ortho1351,ENSG00000108679,LGALS3BP,homo_sapiens,True
homo_sapiens_ortho13569,ENSG00000136810,TXN,homo_sapiens,False
homo_sapiens_ortho13581,ENSG00000153029,MR1,homo_sapiens,True
homo_sapiens_ortho13598,ENSG00000123992,DNPEP,homo_sapiens,True
homo_sapiens_ortho13742,ENSG00000129667,RHBDF2,homo_sapiens,True
homo_sapiens_ortho13848,ENSG00000175073,VCPIP1,homo_sapiens,True
homo_sapiens_ortho13873,ENSG00000096968,JAK2,homo_sapiens,True
homo_sapiens_ortho13906,ENSG00000198959,TGM2,homo_sapiens,False
homo_sapiens_ortho14059,ENSG00000168394,TAP1,homo_sapiens,True
homo_sapiens_ortho14060,ENSG00000173200,PARP15,homo_sapiens,True
homo_sapiens_ortho14077,ENSG00000132530,XAF1,homo_sapiens,True
homo_sapiens_ortho14098,ENSG00000110218,PANX1,homo_sapiens,True
homo_sapiens_ortho14106,ENSG00000186283,TOR3A,homo_sapiens,True
homo_sapiens_ortho14153,ENSG00000183486,MX2,homo_sapiens,True
homo_sapiens_ortho14268,ENSG00000168297,PXK,homo_sapiens,False
homo_sapiens_ortho14347_sus_scrofa_ortho19269,ENSG00000101347,SAMHD1,homo_sapiens,True
homo_sapiens_ortho14422,ENSG00000015475,BID,homo_sapiens,False
homo_sapiens_ortho14451,ENSG00000076108,BAZ2A,homo_sapiens,True
homo_sapiens_ortho14453,ENSG00000177409,SAMD9L,homo_sapiens,True
homo_sapiens_ortho14499,ENSG00000132294,EFR3A,homo_sapiens,True
homo_sapiens_ortho14617,ENSG00000120690,ELF1,homo_sapiens,True
homo_sapiens_ortho14635,ENSG00000003402,CFLAR,homo_sapiens,True
homo_sapiens_ortho14668,ENSG00000163635,ATXN7,homo_sapiens,True
homo_sapiens_ortho1469,ENSG00000124201,ZNFX1,homo_sapiens,True
homo_sapiens_ortho1573_pteropus_vampyrus_ortho22065,ENSG00000119917,IFIT3,homo_sapiens,True
homo_sapiens_ortho1626_sus_scrofa_ortho20357,ENSG00000121060,TRIM25,homo_sapiens,True
homo_sapiens_ortho1669,ENSG00000159231,CBR3,homo_sapiens,True
homo_sapiens_ortho171,ENSG00000243649,CFB,homo_sapiens,True
homo_sapiens_ortho171,ENSG00000244255,XXbac-BPG116M5.17,homo_sapiens,False
homo_sapiens_ortho1757,ENSG00000140105,WARS,homo_sapiens,True
homo_sapiens_ortho1763,ENSG00000173786,CNP,homo_sapiens,True
homo_sapiens_ortho1772,ENSG00000105939,ZC3HAV1,homo_sapiens,True
homo_sapiens_ortho1829,ENSG00000101017,CD40,homo_sapiens,True
homo_sapiens_ortho1841,ENSG00000204525,HLA-C,homo_sapiens,True
homo_sapiens_ortho1841,ENSG00000204592,HLA-E,homo_sapiens,True
homo_sapiens_ortho1841,ENSG00000204632,HLA-G,homo_sapiens,True
homo_sapiens_ortho1841,ENSG00000204642,HLA-F,homo_sapiens,True
homo_sapiens_ortho1841,ENSG00000206503,HLA-A,homo_sapiens,True
homo_sapiens_ortho1841,ENSG00000234745,HLA-B,homo_sapiens,True
homo_sapiens_ortho1844,ENSG00000108773,KAT2A,homo_sapiens,False
homo_sapiens_ortho1916,ENSG00000130066,SAT1,homo_sapiens,True
homo_sapiens_ortho1962,ENSG00000126778,SIX1,homo_sapiens,True
homo_sapiens_ortho2,ENSG00000152778,IFIT5,homo_sapiens,True
homo_sapiens_ortho2023,ENSG00000176953,NFATC2IP,homo_sapiens,True
homo_sapiens_ortho2025,ENSG00000183726,TMEM50A,homo_sapiens,True
homo_sapiens_ortho2094,ENSG00000146859,TMEM140,homo_sapiens,True
homo_sapiens_ortho2254,ENSG00000135604,STX11,homo_sapiens,True
homo_sapiens_ortho2261,ENSG00000167565,SERTAD3,homo_sapiens,True
homo_sapiens_ortho2279,ENSG00000114439,BBX,homo_sapiens,True
homo_sapiens_ortho2287,ENSG00000100902,PSMA6,homo_sapiens,True
homo_sapiens_ortho2312,ENSG00000145623,OSMR,homo_sapiens,True
homo_sapiens_ortho232,ENSG00000138600,SPPL2A,homo_sapiens,True
homo_sapiens_ortho2364,ENSG00000185338,SOCS1,homo_sapiens,True
homo_sapiens_ortho2369,ENSG00000204264,PSMB8,homo_sapiens,True
homo_sapiens_ortho2374_canis_familiaris_ortho21699,ENSG00000189067,LITAF,homo_sapiens,True
homo_sapiens_ortho238,ENSG00000089041,P2RX7,homo_sapiens,True
homo_sapiens_ortho2415,ENSG00000163545,NUAK2,homo_sapiens,True
homo_sapiens_ortho2416,ENSG00000116977,LGALS8,homo_sapiens,True
homo_sapiens_ortho2423,ENSG00000197324,LRP10,homo_sapiens,True
homo_sapiens_ortho2530,ENSG00000162654,GBP4,homo_sapiens,True
homo_sapiens_ortho2530,ENSG00000213512,GBP7,homo_sapiens,True
homo_sapiens_ortho2537,ENSG00000204138,PHACTR4,homo_sapiens,True
homo_sapiens_ortho2540,ENSG00000164307,ERAP1,homo_sapiens,True
homo_sapiens_ortho2560,ENSG00000183735,TBK1,homo_sapiens,False
homo_sapiens_ortho2603,ENSG00000182179,UBA7,homo_sapiens,True
homo_sapiens_ortho2677,ENSG00000163512,AZI2,homo_sapiens,True
homo_sapiens_ortho2700,ENSG00000067221,STOML1,homo_sapiens,True
homo_sapiens_ortho2732,ENSG00000213689,TREX1,homo_sapiens,True
homo_sapiens_ortho2745,ENSG00000153147,SMARCA5,homo_sapiens,True
homo_sapiens_ortho2757,ENSG00000164327,RICTOR,homo_sapiens,True
homo_sapiens_ortho2762,ENSG00000224389,C4B,homo_sapiens,False
homo_sapiens_ortho2762,ENSG00000244731,C4A,homo_sapiens,True
homo_sapiens_ortho2849,ENSG00000184675,AMER1,homo_sapiens,True
homo_sapiens_ortho292,ENSG00000186063,AIDA,homo_sapiens,True
homo_sapiens_ortho2940,ENSG00000129084,PSMA1,homo_sapiens,False
homo_sapiens_ortho2940,ENSG00000256206,RP11-140L24.4,homo_sapiens,False
homo_sapiens_ortho2993,ENSG00000182326,C1S,homo_sapiens,True
homo_sapiens_ortho3001,ENSG00000114127,XRN1,homo_sapiens,True
homo_sapiens_ortho3142,ENSG00000149131,SERPING1,homo_sapiens,True
homo_sapiens_ortho3167,ENSG00000155363,MOV10,homo_sapiens,True
homo_sapiens_ortho3177,ENSG00000196116,TDRD7,homo_sapiens,True
homo_sapiens_ortho3187,ENSG00000198060,Mar-05,homo_sapiens,True
homo_sapiens_ortho3197,ENSG00000169905,TOR1AIP2,homo_sapiens,False
homo_sapiens_ortho3224,ENSG00000030110,BAK1,homo_sapiens,True
homo_sapiens_ortho3241,ENSG00000099860,GADD45B,homo_sapiens,True
homo_sapiens_ortho3293,ENSG00000178719,GRINA,homo_sapiens,True
homo_sapiens_ortho336,ENSG00000105835,NAMPT,homo_sapiens,True
homo_sapiens_ortho341,ENSG00000110719,TCIRG1,homo_sapiens,True
homo_sapiens_ortho3475,ENSG00000112941,PAPD7,homo_sapiens,True
homo_sapiens_ortho3534,ENSG00000134247,PTGFRN,homo_sapiens,False
homo_sapiens_ortho3563,ENSG00000111331,OAS3,homo_sapiens,True
homo_sapiens_ortho3621,ENSG00000146872,TLK2,homo_sapiens,True
homo_sapiens_ortho3678,ENSG00000164164,OTUD4,homo_sapiens,True
homo_sapiens_ortho3740,ENSG00000170581,STAT2,homo_sapiens,True
homo_sapiens_ortho3780,ENSG00000123609,NMI,homo_sapiens,True
homo_sapiens_ortho3839,ENSG00000204267,TAP2,homo_sapiens,True
homo_sapiens_ortho3839,ENSG00000250264,XXbac-BPG246D15.9,homo_sapiens,False
homo_sapiens_ortho3864,ENSG00000184371,CSF1,homo_sapiens,True
homo_sapiens_ortho3875,ENSG00000169245,CXCL10,homo_sapiens,True
homo_sapiens_ortho4023,ENSG00000185722,ANKFY1,homo_sapiens,True
homo_sapiens_ortho4033,ENSG00000068400,GRIPAP1,homo_sapiens,True
homo_sapiens_ortho4077,ENSG00000001561,ENPP4,homo_sapiens,False
homo_sapiens_ortho4079_sus_scrofa_ortho20292,ENSG00000115267,IFIH1,homo_sapiens,True
homo_sapiens_ortho4139,ENSG00000100226,GTPBP1,homo_sapiens,True
homo_sapiens_ortho4142,ENSG00000106366,SERPINE1,homo_sapiens,False
homo_sapiens_ortho4150,ENSG00000090339,ICAM1,homo_sapiens,True
homo_sapiens_ortho4167,ENSG00000136813,KIAA0368,homo_sapiens,True
homo_sapiens_ortho4182,ENSG00000161133,USP41,homo_sapiens,False
homo_sapiens_ortho4182,ENSG00000184979,USP18,homo_sapiens,True
homo_sapiens_ortho4221,ENSG00000138246,DNAJC13,homo_sapiens,True
homo_sapiens_ortho4322,ENSG00000151461,UPF2,homo_sapiens,False
homo_sapiens_ortho4438,ENSG00000153827,TRIP12,homo_sapiens,True
homo_sapiens_ortho452,ENSG00000108771,DHX58,homo_sapiens,True
homo_sapiens_ortho4555,ENSG00000185753,CXorf38,homo_sapiens,True
homo_sapiens_ortho4584,ENSG00000132256,TRIM5,homo_sapiens,True
homo_sapiens_ortho4586,ENSG00000161281,COX7A1,homo_sapiens,False
homo_sapiens_ortho4611,ENSG00000168610,STAT3,homo_sapiens,True
homo_sapiens_ortho4623,ENSG00000132109,TRIM21,homo_sapiens,True
homo_sapiens_ortho4644,ENSG00000167333,TRIM68,homo_sapiens,False
homo_sapiens_ortho4664,ENSG00000125818,PSMF1,homo_sapiens,True
homo_sapiens_ortho4704,ENSG00000110002,VWA5A,homo_sapiens,False
homo_sapiens_ortho473,ENSG00000159110,IFNAR2,homo_sapiens,True
homo_sapiens_ortho4750,ENSG00000160445,ZER1,homo_sapiens,False
homo_sapiens_ortho48,ENSG00000168564,CDKN2AIP,homo_sapiens,False
homo_sapiens_ortho4862,ENSG00000130202,PVRL2,homo_sapiens,True
homo_sapiens_ortho4874,ENSG00000205220,PSMB10,homo_sapiens,True
homo_sapiens_ortho502,ENSG00000170340,B3GNT2,homo_sapiens,True
homo_sapiens_ortho5070,ENSG00000172728,FUT10,homo_sapiens,False
homo_sapiens_ortho5101,ENSG00000137959,IFI44L,homo_sapiens,True
homo_sapiens_ortho5153,ENSG00000164308,ERAP2,homo_sapiens,True
homo_sapiens_ortho5159,ENSG00000168310,IRF2,homo_sapiens,True
homo_sapiens_ortho5174,ENSG00000153250,RBMS1,homo_sapiens,False
homo_sapiens_ortho5265,ENSG00000178685,PARP10,homo_sapiens,True
homo_sapiens_ortho5316_ovis_aries_ortho17892_ovis_aries_ortho17898,ENSG00000142089,IFITM3,homo_sapiens,True
homo_sapiens_ortho5316_ovis_aries_ortho17892_ovis_aries_ortho17898,ENSG00000185201,IFITM2,homo_sapiens,True
homo_sapiens_ortho5316_ovis_aries_ortho17892_ovis_aries_ortho17898,ENSG00000185885,IFITM1,homo_sapiens,True
homo_sapiens_ortho5349,ENSG00000106100,NOD1,homo_sapiens,True
homo_sapiens_ortho5360,ENSG00000198160,MIER1,homo_sapiens,True
homo_sapiens_ortho5435,ENSG00000169871,TRIM56,homo_sapiens,True
homo_sapiens_ortho546,ENSG00000113580,NR3C1,homo_sapiens,False
homo_sapiens_ortho5534,ENSG00000112297,AIM1,homo_sapiens,True
homo_sapiens_ortho5586,ENSG00000206190,ATP10A,homo_sapiens,True
homo_sapiens_ortho5587,ENSG00000162772,ATF3,homo_sapiens,True
homo_sapiens_ortho559,ENSG00000166710,B2M,homo_sapiens,True
homo_sapiens_ortho5625_myotis_lucifugus_ortho23912,ENSG00000106588,PSMA2,homo_sapiens,True
homo_sapiens_ortho5625_myotis_lucifugus_ortho23912,ENSG00000256646,RP11-111K18.1,homo_sapiens,False
homo_sapiens_ortho5633,ENSG00000139117,CPNE8,homo_sapiens,True
homo_sapiens_ortho5683,ENSG00000168016,TRANK1,homo_sapiens,True
homo_sapiens_ortho5719_sus_scrofa_ortho19187,ENSG00000198382,UVRAG,homo_sapiens,True
homo_sapiens_ortho5728,ENSG00000009780,FAM76A,homo_sapiens,True
homo_sapiens_ortho5828,ENSG00000109920,FNBP4,homo_sapiens,False
homo_sapiens_ortho5973,ENSG00000160710,ADAR,homo_sapiens,True
homo_sapiens_ortho5976,ENSG00000102524,TNFSF13B,homo_sapiens,True
homo_sapiens_ortho6016,ENSG00000114450,GNB4,homo_sapiens,True
homo_sapiens_ortho6069,ENSG00000075539,FRYL,homo_sapiens,False
homo_sapiens_ortho6077,ENSG00000100596,SPTLC2,homo_sapiens,True
homo_sapiens_ortho611,ENSG00000231925,TAPBP,homo_sapiens,True
homo_sapiens_ortho6113,ENSG00000135535,CD164,homo_sapiens,True
homo_sapiens_ortho6129,ENSG00000161921,CXCL16,homo_sapiens,True
homo_sapiens_ortho6198,ENSG00000157601,MX1,homo_sapiens,True
homo_sapiens_ortho6205,ENSG00000198900,TOP1,homo_sapiens,True
homo_sapiens_ortho6279,ENSG00000121858,TNFSF10,homo_sapiens,True
homo_sapiens_ortho6285,ENSG00000089127,OAS1,homo_sapiens,True
homo_sapiens_ortho6289,ENSG00000112773,FAM46A,homo_sapiens,True
homo_sapiens_ortho6291,ENSG00000102081,FMR1,homo_sapiens,True
homo_sapiens_ortho6342,ENSG00000134321,RSAD2,homo_sapiens,True
homo_sapiens_ortho6374,ENSG00000184898,RBM43,homo_sapiens,True
homo_sapiens_ortho6402,ENSG00000106591,MRPL32,homo_sapiens,True
homo_sapiens_ortho6407,ENSG00000102034,ELF4,homo_sapiens,True
homo_sapiens_ortho6409,ENSG00000104518,GSDMD,homo_sapiens,True
homo_sapiens_ortho6441,ENSG00000002549,LAP3,homo_sapiens,True
homo_sapiens_ortho6505,ENSG00000197905,TEAD4,homo_sapiens,True
homo_sapiens_ortho6534,ENSG00000106785,TRIM14,homo_sapiens,True
homo_sapiens_ortho660,ENSG00000163644,PPM1K,homo_sapiens,True
homo_sapiens_ortho6613,ENSG00000180628,PCGF5,homo_sapiens,True
homo_sapiens_ortho6782_sus_scrofa_ortho19606,ENSG00000101596,SMCHD1,homo_sapiens,True
homo_sapiens_ortho6788,ENSG00000113504,SLC12A7,homo_sapiens,True
homo_sapiens_ortho6792,ENSG00000196843,ARID5A,homo_sapiens,True
homo_sapiens_ortho6796,ENSG00000129465,RIPK3,homo_sapiens,True
homo_sapiens_ortho67_myotis_lucifugus_ortho23223_pteropus_vampyrus_ortho22890,ENSG00000187608,ISG15,homo_sapiens,True
homo_sapiens_ortho6840,ENSG00000023445,BIRC3,homo_sapiens,True
homo_sapiens_ortho6937,ENSG00000162645,GBP2,homo_sapiens,True
homo_sapiens_ortho6980,ENSG00000136826,KLF4,homo_sapiens,True
homo_sapiens_ortho7272,ENSG00000168961,LGALS9,homo_sapiens,True
homo_sapiens_ortho7272,ENSG00000170298,LGALS9B,homo_sapiens,False
homo_sapiens_ortho7272,ENSG00000171916,LGALS9C,homo_sapiens,False
homo_sapiens_ortho7366,ENSG00000107290,SETX,homo_sapiens,True
homo_sapiens_ortho74,ENSG00000137628,DDX60,homo_sapiens,True
homo_sapiens_ortho7406,ENSG00000159403,C1R,homo_sapiens,True
homo_sapiens_ortho7414,ENSG00000143507,DUSP10,homo_sapiens,False
homo_sapiens_ortho7438,ENSG00000163131,CTSS,homo_sapiens,True
homo_sapiens_ortho7477,ENSG00000135148,TRAFD1,homo_sapiens,True
homo_sapiens_ortho7499,ENSG00000166278,C2,homo_sapiens,True
homo_sapiens_ortho7510,ENSG00000154642,C21orf91,homo_sapiens,True
homo_sapiens_ortho7526,ENSG00000107798,LIPA,homo_sapiens,True
homo_sapiens_ortho7543,ENSG00000163746,PLSCR2,homo_sapiens,False
homo_sapiens_ortho7543,ENSG00000188313,PLSCR1,homo_sapiens,True
homo_sapiens_ortho7572,ENSG00000117226,GBP3,homo_sapiens,True
homo_sapiens_ortho7572,ENSG00000117228,GBP1,homo_sapiens,True
homo_sapiens_ortho7588,ENSG00000155287,SLC25A28,homo_sapiens,True
homo_sapiens_ortho7627,ENSG00000136436,CALCOCO2,homo_sapiens,True
homo_sapiens_ortho7689_ovis_aries_ortho18119,ENSG00000041880,PARP3,homo_sapiens,False
homo_sapiens_ortho7711,ENSG00000060491,OGFR,homo_sapiens,True
homo_sapiens_ortho7756_sus_scrofa_ortho19225,ENSG00000055332,EIF2AK2,homo_sapiens,True
homo_sapiens_ortho783,ENSG00000116670,MAD2L2,homo_sapiens,True
homo_sapiens_ortho7846_sus_scrofa_ortho20343,ENSG00000138035,PNPT1,homo_sapiens,True
homo_sapiens_ortho7925,ENSG00000111224,PARP11,homo_sapiens,True
homo_sapiens_ortho7936,ENSG00000123240,OPTN,homo_sapiens,True
homo_sapiens_ortho7950,ENSG00000138138,ATAD1,homo_sapiens,False
homo_sapiens_ortho8076,ENSG00000180891,CUEDC1,homo_sapiens,True
homo_sapiens_ortho8098,ENSG00000156587,UBE2L6,homo_sapiens,True
homo_sapiens_ortho8156,ENSG00000173193,PARP14,homo_sapiens,True
homo_sapiens_ortho8205,ENSG00000067066,SP100,homo_sapiens,True
homo_sapiens_ortho8258,ENSG00000137944,CCBL2,homo_sapiens,False
homo_sapiens_ortho8264,ENSG00000023909,GCLM,homo_sapiens,True
homo_sapiens_ortho8284,ENSG00000137496,IL18BP,homo_sapiens,True
homo_sapiens_ortho8316,ENSG00000145476,CYP4V2,homo_sapiens,True
homo_sapiens_ortho8379,ENSG00000158773,USF1,homo_sapiens,True
homo_sapiens_ortho8423_canis_familiaris_ortho21226,ENSG00000129515,SNX6,homo_sapiens,True
homo_sapiens_ortho8426,ENSG00000125347,IRF1,homo_sapiens,True
homo_sapiens_ortho8467,ENSG00000180817,PPA1,homo_sapiens,True
homo_sapiens_ortho8469,ENSG00000144959,NCEH1,homo_sapiens,True
homo_sapiens_ortho848,ENSG00000154451,GBP5,homo_sapiens,True
homo_sapiens_ortho8509,ENSG00000100911,PSME2,homo_sapiens,True
homo_sapiens_ortho8654,ENSG00000132274,TRIM22,homo_sapiens,True
homo_sapiens_ortho8663,ENSG00000196141,SPATS2L,homo_sapiens,True
homo_sapiens_ortho872,ENSG00000185507,IRF7,homo_sapiens,True
homo_sapiens_ortho8725,ENSG00000142611,PRDM16,homo_sapiens,True
homo_sapiens_ortho8810,ENSG00000068079,IFI35,homo_sapiens,True
homo_sapiens_ortho9001,ENSG00000155158,TTC39B,homo_sapiens,True
homo_sapiens_ortho9072,ENSG00000097033,SH3GLB1,homo_sapiens,True
homo_sapiens_ortho9089,ENSG00000043143,JADE2,homo_sapiens,True
homo_sapiens_ortho9184,ENSG00000163702,IL17RC,homo_sapiens,True
homo_sapiens_ortho9280,ENSG00000139192,TAPBPL,homo_sapiens,True
homo_sapiens_ortho9363_sus_scrofa_ortho19278,ENSG00000123610,TNFAIP6,homo_sapiens,True
homo_sapiens_ortho9386,ENSG00000105612,DNASE2,homo_sapiens,False
homo_sapiens_ortho9401_rattus_norvegicus_ortho15771_ovis_aries_ortho18401,ENSG00000163563,MNDA,homo_sapiens,False
homo_sapiens_ortho9401_rattus_norvegicus_ortho15771_ovis_aries_ortho18401,ENSG00000163564,PYHIN1,homo_sapiens,False
homo_sapiens_ortho9401_rattus_norvegicus_ortho15771_ovis_aries_ortho18401,ENSG00000163565,IFI16,homo_sapiens,True
homo_sapiens_ortho9410,ENSG00000105559,PLEKHA4,homo_sapiens,True
homo_sapiens_ortho9502,ENSG00000142961,MOB3C,homo_sapiens,True
homo_sapiens_ortho9554,ENSG00000166292,TMEM100,homo_sapiens,False
homo_sapiens_ortho9620,ENSG00000138640,FAM13A,homo_sapiens,True
homo_sapiens_ortho9640,ENSG00000137275,RIPK1,homo_sapiens,True
homo_sapiens_ortho9645,ENSG00000089737,DDX24,homo_sapiens,False
homo_sapiens_ortho968,ENSG00000140548,ZNF710,homo_sapiens,True
homo_sapiens_ortho9698,ENSG00000108001,EBF3,homo_sapiens,True
homo_sapiens_ortho9732,ENSG00000172432,GTPBP2,homo_sapiens,True
homo_sapiens_ortho9767,ENSG00000149289,ZC3H12C,homo_sapiens,True
homo_sapiens_ortho9820,ENSG00000159256,MORC3,homo_sapiens,True
homo_sapiens_ortho9857,ENSG00000164342,TLR3,homo_sapiens,True
homo_sapiens_ortho9927,ENSG00000144655,CSRNP1,homo_sapiens,True
homo_sapiens_ortho9934,ENSG00000075643,MOCOS,homo_sapiens,True
homo_sapiens_ortho9954,ENSG00000104312,RIPK2,homo_sapiens,True
homo_sapiens_ortho996,ENSG00000013374,NUB1,homo_sapiens,True
myotis_lucifugus_ortho23331_homo_sapiens_ortho8966,ENSG00000143384,MCL1,homo_sapiens,True
myotis_lucifugus_ortho23790_homo_sapiens_ortho7761,ENSG00000111335,OAS2,homo_sapiens,True
pteropus_vampyrus_ortho22212_homo_sapiens_ortho9992_bos_taurus_ortho16887_homo_sapiens_ortho11526_ovis_aries_ortho18101_homo_sapiens_ortho9911,ENSG00000119632,IFI27L2,homo_sapiens,True
pteropus_vampyrus_ortho22212_homo_sapiens_ortho9992_bos_taurus_ortho16887_homo_sapiens_ortho11526_ovis_aries_ortho18101_homo_sapiens_ortho9911,ENSG00000165948,IFI27L1,homo_sapiens,True
pteropus_vampyrus_ortho22212_homo_sapiens_ortho9992_bos_taurus_ortho16887_homo_sapiens_ortho11526_ovis_aries_ortho18101_homo_sapiens_ortho9911,ENSG00000165949,IFI27,homo_sapiens,True
pteropus_vampyrus_ortho22730_homo_sapiens_ortho5668,ENSG00000185745,IFIT1,homo_sapiens,True
rattus_norvegicus_ortho14852,ENSG00000090554,FLT3LG,homo_sapiens,False
rattus_norvegicus_ortho14892,ENSG00000187838,TMEM256-PLSCR3,homo_sapiens,False
rattus_norvegicus_ortho15111,ENSG00000183347,GBP6,homo_sapiens,False
rattus_norvegicus_ortho15154_homo_sapiens_ortho11855,ENSG00000137757,CASP5,homo_sapiens,False
rattus_norvegicus_ortho15154_homo_sapiens_ortho11855,ENSG00000196954,CASP4,homo_sapiens,True
rattus_norvegicus_ortho15234,ENSG00000124256,ZBP1,homo_sapiens,False
rattus_norvegicus_ortho15343,ENSG00000258588,TRIM6-TRIM34,homo_sapiens,False
rattus_norvegicus_ortho15343,ENSG00000258659,TRIM34,homo_sapiens,False
rattus_norvegicus_ortho15389,ENSG00000179772,FOXS1,homo_sapiens,False
rattus_norvegicus_ortho15493,ENSG00000079263,SP140,homo_sapiens,False
rattus_norvegicus_ortho15549,ENSG00000212304,SNORD12,homo_sapiens,False
rattus_norvegicus_ortho15582,ENSG00000069493,CLEC2D,homo_sapiens,False
rattus_norvegicus_ortho15582,ENSG00000188393,CLEC2A,homo_sapiens,False
rattus_norvegicus_ortho16135_homo_sapiens_ortho4889,ENSG00000100336,APOL4,homo_sapiens,True
rattus_norvegicus_ortho16135_homo_sapiens_ortho4889,ENSG00000100342,APOL1,homo_sapiens,True
rattus_norvegicus_ortho16135_homo_sapiens_ortho4889,ENSG00000128284,APOL3,homo_sapiens,True
rattus_norvegicus_ortho16135_homo_sapiens_ortho4889,ENSG00000128335,APOL2,homo_sapiens,True
rattus_norvegicus_ortho16601,ENSG00000164078,MST1R,homo_sapiens,False
sus_scrofa_ortho19242_homo_sapiens_ortho8031,ENSG00000103429,BFAR,homo_sapiens,False
sus_scrofa_ortho19391_homo_sapiens_ortho14100,ENSG00000140853,NLRC5,homo_sapiens,True
sus_scrofa_ortho19487_bos_taurus_ortho16799_homo_sapiens_ortho2199,ENSG00000173821,RNF213,homo_sapiens,True
sus_scrofa_ortho19635_homo_sapiens_ortho2727,ENSG00000064393,HIPK2,homo_sapiens,False
sus_scrofa_ortho19732_homo_sapiens_ortho3955,ENSG00000143106,PSMA5,homo_sapiens,True
sus_scrofa_ortho20162_homo_sapiens_ortho5209,ENSG00000125826,RBCK1,homo_sapiens,True
